1,1,"sNa-009","Leave our letter.","Packing Materials",3238,4041
2,2,"dOH-709","Opportunity not.","Clothing",1115,1565
3,3,"fUn-340","Recently design.","Clothing",1757,2138
4,4,"DKB-768","Machine hand police.","Toys",1966,2778
5,5,"bJQ-779","Need new soon worry.","Packing Materials",5633,5857
6,6,"raN-546","Physical main baby.","Clothing",5295,5868
7,7,"HLp-457","Perform authority.","Clothing",3197,4009
8,8,"ZEG-915","Blue form fine pick.","Personal Care",3103,4074
9,9,"peO-211","Scene cover.","Clothing",8613,8971
10,10,"SZX-326","Challenge.","Clothing",2375,2863
11,11,"kuc-982","Authority even.","Packing Materials",4308,4470
12,12,"QDo-736","Word surface.","Novelty Items",955,1055
13,13,"URO-748","Concern somebody.","Accessories",9609,10237
14,14,"KtW-374","Apply onto about.","Accessories",8196,8220
15,15,"yYo-355","Hard law reduce.","Novelty Items",402,1118
16,16,"nNe-328","Role him room part.","Clothing",8562,9551
17,17,"xRT-003","Question concern.","Accessories",5921,6338
18,18,"ugK-528","Everybody morning.","Personal Care",5989,5999
19,19,"ELf-367","Occur great real.","Packing Materials",8514,9122
20,20,"kUy-327","Officer get benefit.","Packing Materials",3719,4184
21,21,"JPO-500","Close theory return.","Accessories",680,1196
22,22,"hdT-183","Day others single.","Accessories",451,655
23,23,"XGz-360","Degree page top.","Clothing",5549,6407
24,24,"HJT-046","Speak back.","Packing Materials",9394,10030
25,25,"Lje-784","Become commercial.","Clothing",3683,4460
26,26,"OpZ-614","Skin cause month.","Novelty Items",4222,4966
27,27,"SYh-572","Century hope.","Clothing",8244,8329
28,28,"knn-556","Ten visit dream.","Clothing",317,919
29,29,"TFO-956","Return concern fine.","Clothing",1697,2312
30,30,"HzJ-050","Art line girl.","Sports",8778,9196
31,31,"nbT-335","Compare five ball.","Accessories",3272,4203
32,32,"Mto-633","Down economy.","Sports",8563,9553
33,33,"NiL-363","Song deep growth.","Packing Materials",8649,8656
34,34,"IrG-179","Be analysis but.","Clothing",1353,2235
35,35,"okS-186","Personal candidate.","Novelty Items",7427,8211
36,36,"JdE-757","Second suddenly top.","Packing Materials",3723,4019
37,37,"TIh-536","Much sort in air.","Novelty Items",8560,8918
38,38,"pVM-114","Baby growth picture.","Clothing",8982,9265
39,39,"qKs-136","Meet then machine.","Personal Care",9729,10137
40,40,"NjF-397","Future enter series.","Accessories",6330,7245
41,41,"uZF-367","Together first in.","Novelty Items",2443,2665
42,42,"ODp-924","Every other mean.","Personal Care",5761,6201
43,43,"Zgq-485","Send laugh class.","Clothing",8523,9442
44,44,"EQQ-813","Sometimes agency.","Accessories",3855,3899
45,45,"StI-098","Particular.","Novelty Items",3441,3550
46,46,"duk-894","Police she only.","Personal Care",2686,2723
47,47,"gwN-125","Relationship bill.","Accessories",7885,8102
48,48,"Dqc-364","Rule treat respond.","Clothing",4614,4856
49,49,"NVl-608","With allow senior.","Clothing",105,348
50,50,"FhQ-023","Until role law.","Sports",8140,9056
